ETF,Statistic,p_value
CORN,-9.32575854679511,0.01
SOYB,-10.173177948983337,0.01
WEAT,-10.202250786703994,0.01
USO,-7.903089965742453,0.01
UGA,-9.392046894761265,0.01
