ETF,Statistic,p_value
CORN,-9.29220656376601,0.01
SOYB,-10.399418741224421,0.01
WEAT,-10.189493101551077,0.01
USO,-7.800587125051986,0.01
UGA,-9.394964485517756,0.01
