ETF,Statistic,p_value
CORN,-9.302867691286256,0.01
SOYB,-10.219201033696951,0.01
WEAT,-10.227405118302952,0.01
USO,-7.902769664039763,0.01
UGA,-9.393031532621416,0.01
