ETF,TD,TDa,TDm
CORN,0.18090951302536137,0.1804657003958963,0.016701799632587576
SOYB,0.2646404727094647,0.2640469097616834,0.018057278993118375
WEAT,0.33521429938908565,0.3346849415037143,0.019064579069313144
USO,0.3764862368145581,0.3765488249031566,0.0029531825371308432
UGA,0.3799844314309672,0.37996221542520375,0.003241664061355892
