"","Value","CORN","SOYB","WEAT","USO","UGA"
"1","Min",-0.157876440310501,-1.91856661786252,-0.230133033989203,-0.0076406143042487,-0.0213624030359085
"2","Median",-0.010724043020986,-0.00955170162857066,-0.0116511739921829,-0.000533783490732187,-0.00128143898491478
"3","Mean",-0.0142217365762257,-0.0129837054195465,-0.0157815053072775,0.000854792887777457,-0.000450841424181817
"4","Max",0.341853364936243,4.16291806423858,0.0993989246571356,0.0198083138545071,0.0372910028464304
"5","STD DEV",0.021409090157804,0.125728170813127,0.0225546456281936,0.00407619012342244,0.00436926431003376
"6","N",2030,2079,2039,1333,2052
