ETF,TD,TDa,TDm
CORN,0.24751536285163978,0.24614004646296062,0.019637355562515228
SOYB,0.5159339920213849,0.5155821507120986,0.022832041979496082
WEAT,0.5152176856939233,0.5155546643563177,0.0225546456281936
USO,0.5709988090573025,0.570992624370081,0.004076190123422442
UGA,0.6382334544346722,0.6381650164885182,0.004369264310033755
