ETFs,TD_se,TDa_se,TDm_se
CORN,0.246532635004232,0.245178057208186,0.0196414395134832
SOYB,0.515974327694595,0.515685292228926,0.0223388137856026
WEAT,0.515078144574634,0.515206904905918,0.0219188537233181
USO,0.532757031371899,0.532716210419629,0.00407659926882841
UGA,0.584456818463035,0.584383209800432,0.00437031014455798
